2021,2020,2019,2018,Actual,Predicted_Probability
0.5396073301305588,0.5984064764279885,0.3385229331656026,0.6806751308145069,1138890,0.9997282825049062
