2021,2020,2019,2018,Actual,Predicted_Probability
0.23632283996989678,0.8324608255916881,0.03180912677053537,0.8337574571522577,1138890,0.9997282825049062
