2021,2020,2019,2018,Actual,Predicted_Probability
0.496429996645142,0.08053303779026912,0.3165365542527671,0.4237898274342297,1138890,0.9997282825049062
