2021,2020,2019,2018,Actual,Predicted_Probability
0.374544419001148,0.7509940744933405,0.12977324608757837,0.24418598769736785,1138890,0.9997282825049062
