2021,2020,2019,2018,Actual,Predicted_Probability
0.19963625963721737,0.6437101686476827,0.004912057465666439,1.0145803465817462,1138890,0.9997282825049062
