2021,2020,2019,2018,Actual,Predicted_Probability
0.014972263500831444,0.8651046852823642,1.0009934968672864,0.8726507324304236,1138890,0.9997282825049062
