2021,2020,2019,2018,Actual,Predicted_Probability
0.6341070848227046,0.10195960562392965,1.224707393335984,0.5442929394460765,1138890,0.9997282825049062
